{"points":0,"pointsInSession":0,"deaths":0,"pickUps":0,"timeSurvived":0.0,"killTotalAchievements":[{"name":"Destroyed 1 Asteroid","completed":false,"requiredAmount":0}, {"name":"Destroyed 6 Asteroids","completed":false,"requiredAmount":6}, {"name":"Destroyed 10 Astroids","completed":false,"requiredAmount":10}],"killSessionAchievements":[{"name":"Destroyed 5 Asteroids in a life ","completed":false,"requiredAmount":5}, {"name":"Destroyed 10 Astroids in a life","completed":false,"requiredAmount":10}, {"name":"Destroyed 15 Astroids in a life","completed":false,"requiredAmount":15}],"collectAchievements":[{"name":"Collected a Powerup","completed":false,"requiredAmount":0}, {"name":"Collected 5 Powerups","completed":false,"requiredAmount":5}]}